video,label,raw_gap_px,normalized_gap
Man boxing,real,9.233633824540775,0.137467706922111
man doing ghost rope,real,1.9295052883790458,0.030249320431724902
Man doing Knee thrust,real,12.618918674350084,0.22447475154386926
Man doing side lunges,real,6.91783965282769,0.09740472848813923
Man Excersing,real,5.187636107470563,0.07899836271886196
Man high knee jumping,real,7.99512611496814,0.13245677718491616
Man jumping,real,4.364327240353219,0.06731098721737495
Man playing basketball(1),real,5.483358329174632,0.05048023894477107
Man playing basketball,real,8.3045190110834,0.07017778528834104
Little girl dancing,fake,29.089064913777516,0.11070745582030367
man dancing,fake,26.763767621343472,0.08188558267622915
Man jumping (2),fake,1.7356256990719845,0.021520370220512394
Man jumping,fake,8.33669725516986,0.07752135349487323
Man playing badminton,fake,16.897023099070566,0.12447888365688076
